timestamp,user_id,page_url
2025-04-01T00:06:23.609771,90,/growing-succulents-and-cacti
2025-04-01T00:07:04.736463,85,/winter-garden-prep
2025-04-01T00:07:58.774465,90,/winter-garden-prep
2025-04-01T00:10:44.043113,90,/winter-garden-prep
2025-04-01T00:13:35.035076,70,/seed-starting-indoors
2025-04-01T00:14:06.975678,92,/pruning-roses-for-maximum-blooms
2025-04-01T00:14:52.071231,92,/attracting-pollinators-to-your-garden
2025-04-01T00:15:07.285596,25,/soil-types-and-amendments
2025-04-01T00:15:16.591702,70,/creating-a-raised-garden-bed
2025-04-01T00:15:20.690381,9,/how-to-grow-tomatoes
2025-04-01T00:15:50.690381,9,/fall-garden-cleanup
2025-04-01T00:17:13.863182,9,/best-flowers-for-spring
2025-04-01T00:18:38.453926,25,/winter-garden-prep
2025-04-01T00:19:38.937749,79,/watering-guide-for-beginners
2025-04-01T00:20:08.937749,79,/hydroponics-for-home-gardeners
2025-04-01T00:20:38.658572,50,/fall-garden-cleanup
2025-04-01T00:21:28.048219,50,/pruning-roses-for-maximum-blooms
2025-04-01T00:25:37.120721,58,/watering-guide-for-beginners
2025-04-01T00:26:28.048219,50,/creating-a-raised-garden-bed
2025-04-01T00:32:36.208405,62,/winter-garden-prep
2025-04-01T00:41:07.149629,31,/hydroponics-for-home-gardeners
2025-04-01T00:41:18.244680,69,/seed-starting-indoors
2025-04-01T00:41:37.149629,31,/seed-starting-indoors
2025-04-01T00:41:58.869297,69,/guide-to-companion-planting
2025-04-01T00:42:28.869297,69,/watering-guide-for-beginners
2025-04-01T00:42:31.060988,31,/growing-succulents-and-cacti
2025-04-01T00:43:01.060988,31,/creating-a-raised-garden-bed
2025-04-01T00:44:03.401453,31,/attracting-pollinators-to-your-garden
2025-04-01T00:47:28.869297,69,/hydroponics-for-home-gardeners
2025-04-01T00:50:18.021280,82,/growing-herbs-indoors
2025-04-01T00:51:38.387306,69,/creating-a-raised-garden-bed
2025-04-01T00:53:00.435830,97,/organic-pest-control-tips
2025-04-01T00:56:16.121130,100,/dealing-with-garden-pests
2025-04-01T01:00:12.214420,5,/vertical-gardening-ideas
2025-04-01T01:01:41.231075,95,/growing-succulents-and-cacti
2025-04-01T01:06:41.231075,95,/growing-succulents-and-cacti
2025-04-01T01:07:00.201445,84,/hydroponics-for-home-gardeners
2025-04-01T01:07:11.231075,95,/composting-101
2025-04-01T01:08:03.447484,84,/seed-starting-indoors
2025-04-01T01:09:35.450431,54,/hydroponics-for-home-gardeners
2025-04-01T01:09:52.229941,38,/attracting-pollinators-to-your-garden
2025-04-01T01:10:05.450431,54,/growing-herbs-indoors
2025-04-01T01:11:11.691937,84,/soil-types-and-amendments
2025-04-01T01:11:41.691937,84,/creating-a-raised-garden-bed
2025-04-01T01:14:38.896346,1,/growing-herbs-indoors
2025-04-01T01:15:08.896346,1,/seed-starting-indoors
2025-04-01T01:15:38.896346,1,/attracting-pollinators-to-your-garden
2025-04-01T01:16:52.058441,1,/fall-garden-cleanup
2025-04-01T01:21:52.058441,1,/watering-guide-for-beginners
2025-04-01T01:24:38.638982,4,/fall-garden-cleanup
2025-04-01T01:25:26.771550,4,/guide-to-companion-planting
2025-04-01T01:26:47.474677,44,/guide-to-companion-planting
2025-04-01T01:28:57.938137,44,/vertical-gardening-ideas
2025-04-01T01:43:23.011558,74,/growing-succulents-and-cacti
2025-04-01T01:44:55.774948,74,/seed-starting-indoors
2025-04-01T01:45:52.380102,74,/vertical-gardening-ideas
2025-04-01T01:49:08.118095,91,/gardening-tools-essentials
2025-04-01T01:49:22.884937,43,/hydroponics-for-home-gardeners
2025-04-01T01:50:30.786302,23,/organic-pest-control-tips
2025-04-01T01:51:54.075593,23,/troubleshooting-common-plant-diseases
2025-04-01T01:52:42.469755,43,/attracting-pollinators-to-your-garden
2025-04-01T01:53:33.281814,91,/hydroponics-for-home-gardeners
2025-04-01T01:54:41.711132,91,/soil-types-and-amendments
2025-04-01T01:59:41.711132,91,/winter-garden-prep
2025-04-01T02:00:38.446791,91,/composting-101
2025-04-01T02:06:16.092722,30,/fall-garden-cleanup
2025-04-01T02:06:46.092722,30,/seed-starting-indoors
2025-04-01T02:15:16.345302,53,/attracting-pollinators-to-your-garden
2025-04-01T02:16:24.379033,92,/guide-to-companion-planting
2025-04-01T02:17:28.025136,92,/fall-garden-cleanup
2025-04-01T02:17:58.025136,92,/winter-garden-prep
2025-04-01T02:18:12.112724,53,/best-flowers-for-spring
2025-04-01T02:20:47.131850,53,/watering-guide-for-beginners
2025-04-01T02:22:30.956470,92,/attracting-pollinators-to-your-garden
2025-04-01T02:24:36.678930,17,/attracting-pollinators-to-your-garden
2025-04-01T02:25:15.398608,75,/winter-garden-prep
2025-04-01T02:26:44.543016,17,/guide-to-companion-planting
2025-04-01T02:26:55.101306,52,/gardening-tools-essentials
2025-04-01T02:27:08.980518,100,/vertical-gardening-ideas
2025-04-01T02:27:33.834651,17,/fall-garden-cleanup
2025-04-01T02:29:40.859296,52,/vertical-gardening-ideas
2025-04-01T02:30:10.859296,52,/organic-pest-control-tips
2025-04-01T02:30:28.399630,26,/attracting-pollinators-to-your-garden
2025-04-01T02:31:09.084591,74,/composting-101
2025-04-01T02:31:39.084591,74,/vertical-gardening-ideas
2025-04-01T02:32:33.834651,17,/best-flowers-for-spring
2025-04-01T02:33:49.964559,52,/seed-starting-indoors
2025-04-01T02:33:55.535337,26,/guide-to-companion-planting
2025-04-01T02:36:09.431192,26,/creating-a-raised-garden-bed
2025-04-01T02:36:26.753879,74,/how-to-grow-tomatoes
2025-04-01T02:37:51.797770,74,/growing-succulents-and-cacti
2025-04-01T02:41:33.046105,74,/growing-succulents-and-cacti
2025-04-01T02:43:00.589838,56,/vertical-gardening-ideas
2025-04-01T02:43:30.589838,56,/creating-a-raised-garden-bed
2025-04-01T02:44:17.130255,49,/growing-succulents-and-cacti
2025-04-01T02:46:44.029508,49,/composting-101
2025-04-01T02:46:51.583943,89,/pruning-roses-for-maximum-blooms
2025-04-01T02:49:36.348734,89,/soil-types-and-amendments
2025-04-01T02:53:58.098516,96,/attracting-pollinators-to-your-garden
2025-04-01T02:55:04.161216,31,/fall-garden-cleanup
2025-04-01T02:55:34.161216,31,/guide-to-companion-planting
2025-04-01T02:55:44.849110,96,/attracting-pollinators-to-your-garden
2025-04-01T02:56:04.161216,31,/how-to-grow-tomatoes
2025-04-01T02:59:20.867240,96,/growing-succulents-and-cacti
2025-04-01T03:00:02.626239,96,/winter-garden-prep
2025-04-01T03:07:10.115175,34,/organic-pest-control-tips
2025-04-01T03:07:43.636394,34,/organic-pest-control-tips
2025-04-01T03:21:29.485765,51,/vertical-gardening-ideas
2025-04-01T03:34:14.076833,66,/guide-to-companion-planting
2025-04-01T03:34:44.076833,66,/organic-pest-control-tips
2025-04-01T03:35:53.448633,66,/watering-guide-for-beginners
2025-04-01T03:36:01.042618,16,/winter-garden-prep
2025-04-01T03:37:03.977196,61,/growing-herbs-indoors
2025-04-01T03:37:33.977196,61,/best-flowers-for-spring
2025-04-01T03:40:53.448633,66,/best-flowers-for-spring
2025-04-01T03:56:49.998738,71,/hydroponics-for-home-gardeners
2025-04-01T04:01:52.999383,89,/seed-starting-indoors
2025-04-01T04:02:22.999383,89,/pruning-roses-for-maximum-blooms
2025-04-01T04:04:21.426456,79,/fall-garden-cleanup
2025-04-01T04:05:26.528482,79,/how-to-grow-tomatoes
2025-04-01T04:06:01.308217,79,/seed-starting-indoors
2025-04-01T04:06:09.055816,85,/fall-garden-cleanup
2025-04-01T04:06:31.308217,79,/best-flowers-for-spring
2025-04-01T04:07:11.427355,79,/dealing-with-garden-pests
2025-04-01T04:07:22.999383,89,/soil-types-and-amendments
2025-04-01T04:07:30.443765,85,/organic-pest-control-tips
2025-04-01T04:08:12.942236,93,/guide-to-companion-planting
2025-04-01T04:11:54.582436,93,/composting-101
2025-04-01T04:13:04.479098,93,/vertical-gardening-ideas
2025-04-01T04:15:29.114966,30,/organic-pest-control-tips
2025-04-01T04:17:21.194485,14,/creating-a-raised-garden-bed
2025-04-01T04:19:58.928492,14,/how-to-grow-tomatoes
2025-04-01T04:20:13.323408,45,/best-flowers-for-spring
2025-04-01T04:21:02.777090,14,/seed-starting-indoors
2025-04-01T04:21:32.777090,14,/creating-a-raised-garden-bed
2025-04-01T04:22:02.777090,14,/growing-herbs-indoors
2025-04-01T04:22:32.806312,45,/creating-a-raised-garden-bed
2025-04-01T04:24:45.623627,45,/dealing-with-garden-pests
2025-04-01T04:26:26.963279,45,/fall-garden-cleanup
2025-04-01T04:27:39.720428,56,/guide-to-companion-planting
2025-04-01T04:27:46.448264,45,/best-flowers-for-spring
2025-04-01T04:35:17.291126,87,/organic-pest-control-tips
2025-04-01T04:35:47.291126,87,/attracting-pollinators-to-your-garden
2025-04-01T04:40:06.184826,85,/how-to-grow-tomatoes
2025-04-01T04:44:10.563080,12,/how-to-grow-tomatoes
2025-04-01T04:44:32.817577,85,/guide-to-companion-planting
2025-04-01T04:45:26.077886,12,/composting-101
2025-04-01T04:47:38.475969,12,/fall-garden-cleanup
2025-04-01T04:48:15.615809,12,/guide-to-companion-planting
2025-04-01T04:50:37.931884,37,/creating-a-raised-garden-bed
2025-04-01T04:54:32.053599,46,/best-flowers-for-spring
2025-04-01T04:55:41.455437,46,/fall-garden-cleanup
2025-04-01T04:58:55.136724,15,/dealing-with-garden-pests
2025-04-01T04:59:25.206474,46,/how-to-grow-tomatoes
2025-04-01T05:01:27.930526,15,/attracting-pollinators-to-your-garden
2025-04-01T05:02:29.892312,38,/troubleshooting-common-plant-diseases
2025-04-01T05:04:15.747655,15,/composting-101
2025-04-01T05:04:25.206474,46,/fall-garden-cleanup
2025-04-01T05:05:28.619347,38,/creating-a-raised-garden-bed
2025-04-01T05:05:58.619347,38,/growing-succulents-and-cacti
2025-04-01T05:08:11.772678,46,/growing-succulents-and-cacti
2025-04-01T05:08:18.271660,38,/hydroponics-for-home-gardeners
2025-04-01T05:09:15.747655,15,/vertical-gardening-ideas
2025-04-01T05:12:22.376655,15,/how-to-grow-tomatoes
2025-04-01T05:13:36.667825,86,/growing-herbs-indoors
2025-04-01T05:15:51.289336,86,/how-to-grow-tomatoes
2025-04-01T05:16:34.851944,86,/creating-a-raised-garden-bed
2025-04-01T05:17:04.851944,86,/seed-starting-indoors
2025-04-01T05:17:36.714360,86,/attracting-pollinators-to-your-garden
2025-04-01T05:22:38.617617,86,/how-to-grow-tomatoes
2025-04-01T05:23:21.480145,86,/watering-guide-for-beginners
2025-04-01T05:23:51.480145,86,/composting-101
2025-04-01T05:29:56.962986,20,/creating-a-raised-garden-bed
2025-04-01T05:30:09.304923,93,/winter-garden-prep
2025-04-01T05:31:58.137275,93,/growing-herbs-indoors
2025-04-01T05:32:28.137275,93,/soil-types-and-amendments
2025-04-01T05:34:56.962986,20,/growing-herbs-indoors
2025-04-01T05:38:15.238199,7,/creating-a-raised-garden-bed
2025-04-01T05:44:10.306447,99,/growing-herbs-indoors
2025-04-01T05:46:48.653915,6,/organic-pest-control-tips
2025-04-01T05:47:52.609837,5,/pruning-roses-for-maximum-blooms
2025-04-01T05:51:48.102847,5,/guide-to-companion-planting
2025-04-01T05:52:42.218015,5,/composting-101
2025-04-01T05:53:12.218015,5,/best-flowers-for-spring
2025-04-01T05:56:19.754564,3,/how-to-grow-tomatoes
2025-04-01T06:01:19.754564,3,/hydroponics-for-home-gardeners
2025-04-01T06:01:59.735324,3,/growing-herbs-indoors
2025-04-01T06:03:43.490521,3,/watering-guide-for-beginners
2025-04-01T06:04:13.490521,3,/hydroponics-for-home-gardeners
2025-04-01T06:06:13.620081,60,/organic-pest-control-tips
2025-04-01T06:08:59.316389,60,/how-to-grow-tomatoes
2025-04-01T06:09:29.316389,60,/pruning-roses-for-maximum-blooms
2025-04-01T06:09:29.401457,18,/winter-garden-prep
2025-04-01T06:09:59.401457,18,/watering-guide-for-beginners
2025-04-01T06:10:13.608252,75,/composting-101
2025-04-01T06:11:47.719429,99,/pruning-roses-for-maximum-blooms
2025-04-01T06:12:08.937157,18,/attracting-pollinators-to-your-garden
2025-04-01T06:12:31.456024,99,/how-to-grow-tomatoes
2025-04-01T06:13:01.456024,99,/dealing-with-garden-pests
2025-04-01T06:13:14.181926,18,/attracting-pollinators-to-your-garden
2025-04-01T06:13:31.456024,99,/troubleshooting-common-plant-diseases
2025-04-01T06:14:04.405338,99,/pruning-roses-for-maximum-blooms
2025-04-01T06:15:13.608252,75,/guide-to-companion-planting
2025-04-01T06:15:51.680833,94,/troubleshooting-common-plant-diseases
2025-04-01T06:17:47.004655,2,/how-to-grow-tomatoes
2025-04-01T06:18:05.294565,8,/guide-to-companion-planting
2025-04-01T06:19:08.400747,90,/gardening-tools-essentials
2025-04-01T06:19:24.874058,7,/how-to-grow-tomatoes
2025-04-01T06:19:30.504235,2,/how-to-grow-tomatoes
2025-04-01T06:20:10.272708,7,/hydroponics-for-home-gardeners
2025-04-01T06:20:16.861450,8,/seed-starting-indoors
2025-04-01T06:20:22.850278,90,/soil-types-and-amendments
2025-04-01T06:20:30.704536,2,/pruning-roses-for-maximum-blooms
2025-04-01T06:20:40.272708,7,/hydroponics-for-home-gardeners
2025-04-01T06:22:27.892042,38,/vertical-gardening-ideas
2025-04-01T06:23:08.732795,85,/winter-garden-prep
2025-04-01T06:24:06.556505,7,/how-to-grow-tomatoes
2025-04-01T06:24:14.023489,85,/winter-garden-prep
2025-04-01T06:24:24.277979,4,/winter-garden-prep
2025-04-01T06:24:44.023489,85,/watering-guide-for-beginners
2025-04-01T06:24:52.940761,8,/vertical-gardening-ideas
2025-04-01T06:24:54.277979,4,/guide-to-companion-planting
2025-04-01T06:25:46.725861,4,/pruning-roses-for-maximum-blooms
2025-04-01T06:27:53.656061,85,/attracting-pollinators-to-your-garden
2025-04-01T06:27:58.850618,23,/guide-to-companion-planting
2025-04-01T06:28:01.596819,77,/organic-pest-control-tips
2025-04-01T06:28:31.596819,77,/seed-starting-indoors
2025-04-01T06:31:43.554117,77,/best-flowers-for-spring
2025-04-01T06:32:58.850618,23,/creating-a-raised-garden-bed
2025-04-01T06:32:59.292183,77,/winter-garden-prep
2025-04-01T06:34:36.192807,23,/dealing-with-garden-pests
2025-04-01T06:36:30.848292,63,/dealing-with-garden-pests
2025-04-01T06:37:37.142334,63,/best-flowers-for-spring
2025-04-01T06:39:12.209446,63,/best-flowers-for-spring
2025-04-01T06:40:05.314963,82,/growing-succulents-and-cacti
2025-04-01T06:40:35.314963,82,/soil-types-and-amendments
2025-04-01T06:41:05.314963,82,/how-to-grow-tomatoes
2025-04-01T06:42:59.407078,39,/creating-a-raised-garden-bed
2025-04-01T06:44:22.668689,39,/growing-herbs-indoors
2025-04-01T06:46:05.314963,82,/seed-starting-indoors
2025-04-01T06:46:31.314799,39,/gardening-tools-essentials
2025-04-01T07:04:35.586207,46,/creating-a-raised-garden-bed
2025-04-01T07:13:49.008455,23,/guide-to-companion-planting
2025-04-01T07:14:46.619941,23,/attracting-pollinators-to-your-garden
2025-04-01T07:15:16.619941,23,/attracting-pollinators-to-your-garden
2025-04-01T07:15:46.619941,23,/organic-pest-control-tips
2025-04-01T07:18:17.218492,29,/watering-guide-for-beginners
2025-04-01T07:19:22.787445,87,/soil-types-and-amendments
2025-04-01T07:19:52.787445,87,/watering-guide-for-beginners
2025-04-01T07:20:49.393017,24,/dealing-with-garden-pests
2025-04-01T07:21:31.506512,24,/gardening-tools-essentials
2025-04-01T07:22:33.996510,62,/guide-to-companion-planting
2025-04-01T07:23:14.835409,30,/creating-a-raised-garden-bed
2025-04-01T07:25:11.147593,30,/organic-pest-control-tips
2025-04-01T07:26:31.506512,24,/winter-garden-prep
2025-04-01T07:27:38.483478,30,/best-flowers-for-spring
2025-04-01T07:29:34.348833,24,/hydroponics-for-home-gardeners
2025-04-01T07:31:31.055839,30,/organic-pest-control-tips
2025-04-01T07:33:44.842627,86,/attracting-pollinators-to-your-garden
2025-04-01T07:35:01.315622,86,/organic-pest-control-tips
2025-04-01T07:38:18.918697,18,/troubleshooting-common-plant-diseases
2025-04-01T07:38:38.569256,86,/organic-pest-control-tips
2025-04-01T07:39:06.102010,65,/troubleshooting-common-plant-diseases
2025-04-01T07:39:36.102010,65,/winter-garden-prep
2025-04-01T07:41:17.658918,86,/guide-to-companion-planting
2025-04-01T07:43:09.287991,18,/guide-to-companion-planting
2025-04-01T07:43:39.287991,18,/how-to-grow-tomatoes
2025-04-01T07:44:36.102010,65,/best-flowers-for-spring
2025-04-01T07:45:20.718796,18,/dealing-with-garden-pests
2025-04-01T07:47:27.472705,75,/soil-types-and-amendments
2025-04-01T07:48:19.112270,75,/organic-pest-control-tips
2025-04-01T07:48:57.315301,65,/fall-garden-cleanup
2025-04-01T07:49:29.209436,65,/how-to-grow-tomatoes
2025-04-01T07:49:42.813322,67,/composting-101
2025-04-01T07:50:12.813322,67,/guide-to-companion-planting
2025-04-01T07:51:55.337864,41,/soil-types-and-amendments
2025-04-01T07:54:03.651445,41,/organic-pest-control-tips
2025-04-01T07:56:29.650786,41,/winter-garden-prep
2025-04-01T07:57:18.229367,41,/how-to-grow-tomatoes
2025-04-01T08:01:33.183789,74,/soil-types-and-amendments
2025-04-01T08:02:15.413124,74,/troubleshooting-common-plant-diseases
2025-04-01T08:02:18.229367,41,/organic-pest-control-tips
2025-04-01T08:02:45.413124,74,/growing-herbs-indoors
2025-04-01T08:03:15.413124,74,/growing-succulents-and-cacti
2025-04-01T08:09:05.031692,14,/gardening-tools-essentials
2025-04-01T08:11:57.523495,14,/how-to-grow-tomatoes
2025-04-01T08:12:27.523495,14,/guide-to-companion-planting
2025-04-01T08:14:26.476581,16,/organic-pest-control-tips
2025-04-01T08:17:24.023473,87,/how-to-grow-tomatoes
2025-04-01T08:18:38.299799,87,/composting-101
2025-04-01T08:18:45.380041,16,/guide-to-companion-planting
2025-04-01T08:19:08.299799,87,/growing-succulents-and-cacti
2025-04-01T08:20:20.136625,16,/watering-guide-for-beginners
2025-04-01T08:21:24.446635,16,/composting-101
2025-04-01T08:22:54.138301,2,/pruning-roses-for-maximum-blooms
2025-04-01T08:22:58.910678,16,/dealing-with-garden-pests
2025-04-01T08:25:26.364918,2,/creating-a-raised-garden-bed
2025-04-01T08:26:03.642929,2,/guide-to-companion-planting
2025-04-01T08:26:41.768273,2,/growing-herbs-indoors
2025-04-01T08:27:34.335634,2,/best-flowers-for-spring
2025-04-01T08:30:17.161077,67,/winter-garden-prep
2025-04-01T08:30:24.633000,45,/creating-a-raised-garden-bed
2025-04-01T08:30:47.161077,67,/organic-pest-control-tips
2025-04-01T08:30:59.039685,45,/soil-types-and-amendments
2025-04-01T08:31:57.900859,45,/gardening-tools-essentials
2025-04-01T08:35:26.805688,84,/how-to-grow-tomatoes
2025-04-01T08:37:16.005860,84,/seed-starting-indoors
2025-04-01T08:38:50.847330,84,/winter-garden-prep
2025-04-01T08:41:47.196525,84,/seed-starting-indoors
2025-04-01T08:45:28.684993,70,/gardening-tools-essentials
2025-04-01T08:47:16.792462,70,/dealing-with-garden-pests
2025-04-01T08:50:19.747558,34,/growing-succulents-and-cacti
2025-04-01T08:51:01.976795,34,/creating-a-raised-garden-bed
2025-04-01T08:51:31.976795,34,/watering-guide-for-beginners
2025-04-01T08:54:06.836216,34,/pruning-roses-for-maximum-blooms
2025-04-01T08:55:15.400650,74,/organic-pest-control-tips
2025-04-01T08:55:47.525793,74,/fall-garden-cleanup
2025-04-01T08:56:15.952830,34,/watering-guide-for-beginners
2025-04-01T08:57:23.171401,74,/pruning-roses-for-maximum-blooms
2025-04-01T08:59:02.389153,74,/seed-starting-indoors
2025-04-01T09:10:41.294024,61,/troubleshooting-common-plant-diseases
2025-04-01T09:11:44.274953,61,/creating-a-raised-garden-bed
2025-04-01T09:12:55.328337,61,/seed-starting-indoors
2025-04-01T09:13:49.015994,51,/fall-garden-cleanup
2025-04-01T09:15:30.403863,61,/attracting-pollinators-to-your-garden
2025-04-01T09:15:44.432305,51,/troubleshooting-common-plant-diseases
2025-04-01T09:16:23.094965,5,/hydroponics-for-home-gardeners
2025-04-01T09:17:16.262767,61,/winter-garden-prep
2025-04-01T09:17:53.302217,51,/soil-types-and-amendments
2025-04-01T09:19:02.809954,5,/creating-a-raised-garden-bed
2025-04-01T09:24:41.388642,1,/hydroponics-for-home-gardeners
2025-04-01T09:34:32.973280,17,/composting-101
2025-04-01T09:35:02.973280,17,/pruning-roses-for-maximum-blooms
2025-04-01T09:35:14.916138,100,/hydroponics-for-home-gardeners
2025-04-01T09:35:32.973280,17,/best-flowers-for-spring
2025-04-01T09:40:32.973280,17,/attracting-pollinators-to-your-garden
2025-04-01T09:43:24.407065,17,/composting-101
2025-04-01T09:49:56.879514,34,/hydroponics-for-home-gardeners
2025-04-01T09:51:47.112417,92,/best-flowers-for-spring
2025-04-01T09:52:15.735104,34,/dealing-with-garden-pests
2025-04-01T09:53:33.469941,34,/hydroponics-for-home-gardeners
2025-04-01T09:54:14.015583,34,/organic-pest-control-tips
2025-04-01T10:02:41.375978,68,/soil-types-and-amendments
2025-04-01T10:02:53.336028,38,/hydroponics-for-home-gardeners
2025-04-01T10:03:17.536472,68,/creating-a-raised-garden-bed
2025-04-01T10:07:22.448909,76,/watering-guide-for-beginners
2025-04-01T10:08:43.327771,76,/guide-to-companion-planting
2025-04-01T10:10:19.592566,24,/organic-pest-control-tips
2025-04-01T10:11:15.597674,24,/growing-herbs-indoors
2025-04-01T10:12:08.853613,24,/best-flowers-for-spring
2025-04-01T10:12:46.599435,50,/gardening-tools-essentials
2025-04-01T10:13:14.215967,76,/soil-types-and-amendments
2025-04-01T10:13:22.667552,50,/dealing-with-garden-pests
2025-04-01T10:15:34.973627,73,/winter-garden-prep
2025-04-01T10:15:57.906265,50,/gardening-tools-essentials
2025-04-01T10:16:31.617301,73,/composting-101
2025-04-01T10:16:38.102955,76,/growing-herbs-indoors
2025-04-01T10:17:01.617301,73,/guide-to-companion-planting
2025-04-01T10:17:08.853613,24,/best-flowers-for-spring
2025-04-01T10:18:33.576441,12,/pruning-roses-for-maximum-blooms
2025-04-01T10:19:03.576441,12,/growing-herbs-indoors
2025-04-01T10:19:33.576441,12,/composting-101
2025-04-01T10:19:48.580316,73,/fall-garden-cleanup
2025-04-01T10:20:31.858512,73,/gardening-tools-essentials
2025-04-01T10:22:31.097007,12,/troubleshooting-common-plant-diseases
2025-04-01T10:27:06.871187,12,/growing-succulents-and-cacti
2025-04-01T10:31:08.314636,35,/fall-garden-cleanup
2025-04-01T10:33:59.744866,57,/troubleshooting-common-plant-diseases
2025-04-01T10:35:58.834008,35,/guide-to-companion-planting
2025-04-01T10:36:28.834008,35,/pruning-roses-for-maximum-blooms
2025-04-01T10:37:39.493400,35,/how-to-grow-tomatoes
2025-04-01T10:38:14.631062,35,/hydroponics-for-home-gardeners
2025-04-01T10:45:41.523781,49,/hydroponics-for-home-gardeners
2025-04-01T10:47:16.817316,55,/creating-a-raised-garden-bed
2025-04-01T10:47:46.817316,55,/vertical-gardening-ideas
2025-04-01T10:50:09.056914,49,/best-flowers-for-spring
2025-04-01T10:51:59.354416,49,/watering-guide-for-beginners
2025-04-01T10:57:10.836870,6,/soil-types-and-amendments
2025-04-01T11:00:49.098966,4,/pruning-roses-for-maximum-blooms
2025-04-01T11:01:37.096118,6,/vertical-gardening-ideas
2025-04-01T11:02:28.461155,6,/how-to-grow-tomatoes
2025-04-01T11:03:10.071504,18,/attracting-pollinators-to-your-garden
2025-04-01T11:03:43.374281,64,/winter-garden-prep
2025-04-01T11:04:43.653782,64,/hydroponics-for-home-gardeners
2025-04-01T11:04:54.189051,18,/creating-a-raised-garden-bed
2025-04-01T11:05:07.906752,57,/attracting-pollinators-to-your-garden
2025-04-01T11:05:13.653782,64,/how-to-grow-tomatoes
2025-04-01T11:05:24.189051,18,/fall-garden-cleanup
2025-04-01T11:06:07.283129,57,/composting-101
2025-04-01T11:07:28.461155,6,/guide-to-companion-planting
2025-04-01T11:07:37.275452,57,/pruning-roses-for-maximum-blooms
2025-04-01T11:08:07.952842,57,/guide-to-companion-planting
2025-04-01T11:09:41.067610,57,/composting-101
2025-04-01T11:10:03.700397,40,/vertical-gardening-ideas
2025-04-01T11:12:28.461155,6,/vertical-gardening-ideas
2025-04-01T11:14:43.979302,48,/troubleshooting-common-plant-diseases
2025-04-01T11:15:03.700397,40,/watering-guide-for-beginners
2025-04-01T11:16:19.466410,40,/vertical-gardening-ideas
2025-04-01T11:17:01.931283,40,/fall-garden-cleanup
2025-04-01T11:18:06.243194,40,/guide-to-companion-planting
2025-04-01T11:18:18.491512,48,/seed-starting-indoors
2025-04-01T11:21:43.497734,27,/pruning-roses-for-maximum-blooms
2025-04-01T11:21:59.290322,48,/growing-herbs-indoors
2025-04-01T11:23:04.595084,27,/organic-pest-control-tips
2025-04-01T11:23:37.122750,48,/growing-herbs-indoors
2025-04-01T11:24:13.087722,24,/winter-garden-prep
2025-04-01T11:24:45.679119,1,/how-to-grow-tomatoes
2025-04-01T11:25:34.022910,24,/how-to-grow-tomatoes
2025-04-01T11:28:04.595084,27,/troubleshooting-common-plant-diseases
2025-04-01T11:28:34.595084,27,/organic-pest-control-tips
2025-04-01T11:29:12.430824,13,/troubleshooting-common-plant-diseases
2025-04-01T11:29:29.903423,98,/seed-starting-indoors
2025-04-01T11:29:42.430824,13,/dealing-with-garden-pests
2025-04-01T11:30:01.648608,98,/guide-to-companion-planting
2025-04-01T11:31:39.345453,60,/seed-starting-indoors
2025-04-01T11:31:56.499019,13,/attracting-pollinators-to-your-garden
2025-04-01T11:32:09.345453,60,/winter-garden-prep
2025-04-01T11:32:10.084743,98,/guide-to-companion-planting
2025-04-01T11:32:39.345453,60,/growing-herbs-indoors
2025-04-01T11:35:00.780652,60,/dealing-with-garden-pests
2025-04-01T11:47:49.264073,42,/dealing-with-garden-pests
2025-04-01T11:48:19.198265,97,/best-flowers-for-spring
2025-04-01T11:50:23.961035,42,/composting-101
2025-04-01T11:50:36.791457,46,/fall-garden-cleanup
2025-04-01T11:51:00.693429,97,/composting-101
2025-04-01T11:51:42.472941,42,/how-to-grow-tomatoes
2025-04-01T11:52:34.506729,42,/how-to-grow-tomatoes
2025-04-01T11:53:23.874389,97,/creating-a-raised-garden-bed
2025-04-01T11:54:45.659350,46,/attracting-pollinators-to-your-garden
2025-04-01T11:55:32.017670,65,/dealing-with-garden-pests
2025-04-01T11:55:54.484766,97,/soil-types-and-amendments
2025-04-01T11:56:39.184205,42,/gardening-tools-essentials
2025-04-01T11:56:52.503388,65,/guide-to-companion-planting
2025-04-01T11:57:22.503388,65,/attracting-pollinators-to-your-garden
2025-04-01T11:57:37.267075,97,/organic-pest-control-tips
2025-04-01T11:58:48.767561,65,/organic-pest-control-tips
2025-04-01T12:02:03.816433,65,/composting-101
2025-04-01T12:02:46.634961,28,/growing-succulents-and-cacti
2025-04-01T12:03:16.634961,28,/pruning-roses-for-maximum-blooms
2025-04-01T12:04:57.305951,28,/organic-pest-control-tips
2025-04-01T12:05:24.470855,32,/growing-succulents-and-cacti
2025-04-01T12:10:24.470855,32,/hydroponics-for-home-gardeners
2025-04-01T12:15:24.470855,32,/best-flowers-for-spring
2025-04-01T12:15:56.913474,32,/soil-types-and-amendments
2025-04-01T12:19:53.043980,32,/fall-garden-cleanup
2025-04-01T12:20:56.860953,93,/seed-starting-indoors
2025-04-01T12:21:26.860953,93,/gardening-tools-essentials
2025-04-01T12:22:00.475084,19,/pruning-roses-for-maximum-blooms
2025-04-01T12:22:30.475084,19,/seed-starting-indoors
2025-04-01T12:24:27.668609,39,/guide-to-companion-planting
2025-04-01T12:26:26.860953,93,/growing-succulents-and-cacti
2025-04-01T12:27:30.475084,19,/watering-guide-for-beginners
2025-04-01T12:38:47.009770,42,/vertical-gardening-ideas
2025-04-01T12:39:45.122198,42,/how-to-grow-tomatoes
2025-04-01T12:44:30.388468,80,/how-to-grow-tomatoes
2025-04-01T12:45:43.971867,80,/composting-101
2025-04-01T12:48:18.181870,80,/guide-to-companion-planting
2025-04-01T12:48:48.181870,80,/fall-garden-cleanup
2025-04-01T12:49:19.315386,80,/how-to-grow-tomatoes
2025-04-01T12:52:38.076460,64,/guide-to-companion-planting
2025-04-01T12:58:34.188591,43,/fall-garden-cleanup
2025-04-01T13:00:45.123747,43,/growing-succulents-and-cacti
2025-04-01T13:02:04.491969,43,/watering-guide-for-beginners
2025-04-01T13:05:03.386407,14,/dealing-with-garden-pests
2025-04-01T13:07:11.020348,36,/growing-succulents-and-cacti
2025-04-01T13:09:30.016820,36,/growing-succulents-and-cacti
2025-04-01T13:10:00.103373,36,/fall-garden-cleanup
2025-04-01T13:11:20.062101,55,/creating-a-raised-garden-bed
2025-04-01T13:11:44.121312,36,/fall-garden-cleanup
2025-04-01T13:11:50.062101,55,/organic-pest-control-tips
2025-04-01T13:12:17.574447,27,/soil-types-and-amendments
2025-04-01T13:13:04.983818,16,/growing-succulents-and-cacti
2025-04-01T13:13:12.450342,55,/troubleshooting-common-plant-diseases
2025-04-01T13:13:42.450342,55,/fall-garden-cleanup
2025-04-01T13:13:58.867547,27,/creating-a-raised-garden-bed
2025-04-01T13:14:00.417075,62,/vertical-gardening-ideas
2025-04-01T13:14:28.867547,27,/growing-succulents-and-cacti
2025-04-01T13:14:58.867547,27,/guide-to-companion-planting
2025-04-01T13:15:56.041587,49,/dealing-with-garden-pests
2025-04-01T13:15:57.475264,36,/fall-garden-cleanup
2025-04-01T13:16:00.815621,16,/attracting-pollinators-to-your-garden
2025-04-01T13:16:30.815621,16,/growing-herbs-indoors
2025-04-01T13:17:00.815621,16,/growing-succulents-and-cacti
2025-04-01T13:17:25.347106,55,/growing-herbs-indoors
2025-04-01T13:18:31.469311,55,/gardening-tools-essentials
2025-04-01T13:18:40.601413,16,/composting-101
2025-04-01T13:20:56.041587,49,/pruning-roses-for-maximum-blooms
2025-04-01T13:21:26.041587,49,/dealing-with-garden-pests
2025-04-01T13:23:18.192106,37,/guide-to-companion-planting
2025-04-01T13:23:28.811433,49,/creating-a-raised-garden-bed
2025-04-01T13:24:29.749874,37,/pruning-roses-for-maximum-blooms
2025-04-01T13:25:34.330389,37,/guide-to-companion-planting
2025-04-01T13:25:58.312500,49,/attracting-pollinators-to-your-garden
2025-04-01T13:41:54.645559,86,/watering-guide-for-beginners
2025-04-01T13:42:30.741833,62,/composting-101
2025-04-01T13:43:00.741833,62,/hydroponics-for-home-gardeners
2025-04-01T13:43:55.443542,30,/guide-to-companion-planting
2025-04-01T13:44:05.214866,50,/growing-succulents-and-cacti
2025-04-01T13:44:39.144907,62,/seed-starting-indoors
2025-04-01T13:47:12.769224,50,/attracting-pollinators-to-your-garden
2025-04-01T13:48:17.145407,57,/watering-guide-for-beginners
2025-04-01T13:48:41.055818,81,/growing-succulents-and-cacti
2025-04-01T13:49:14.110572,94,/composting-101
2025-04-01T13:49:16.797012,50,/growing-succulents-and-cacti
2025-04-01T13:49:39.144907,62,/soil-types-and-amendments
2025-04-01T13:50:09.144907,62,/attracting-pollinators-to-your-garden
2025-04-01T13:50:25.523383,94,/fall-garden-cleanup
2025-04-01T13:50:44.301058,50,/attracting-pollinators-to-your-garden
2025-04-01T13:53:00.006604,81,/hydroponics-for-home-gardeners
2025-04-01T13:53:05.234040,50,/best-flowers-for-spring
2025-04-01T13:53:22.607538,94,/dealing-with-garden-pests
2025-04-01T13:53:30.006604,81,/soil-types-and-amendments
2025-04-01T13:54:38.463960,94,/guide-to-companion-planting
2025-04-01T13:55:33.887675,56,/attracting-pollinators-to-your-garden
2025-04-01T13:55:37.870924,94,/pruning-roses-for-maximum-blooms
2025-04-01T13:56:08.664378,98,/vertical-gardening-ideas
2025-04-01T13:57:42.581264,56,/composting-101
2025-04-01T13:58:46.800216,98,/hydroponics-for-home-gardeners
2025-04-01T14:02:32.851586,20,/watering-guide-for-beginners
2025-04-01T14:02:42.581264,56,/growing-herbs-indoors
2025-04-01T14:03:13.281752,56,/attracting-pollinators-to-your-garden
2025-04-01T14:04:21.565444,34,/gardening-tools-essentials
2025-04-01T14:04:29.395195,94,/guide-to-companion-planting
2025-04-01T14:05:19.430650,20,/best-flowers-for-spring
2025-04-01T14:05:49.430650,20,/guide-to-companion-planting
2025-04-01T14:05:54.555821,94,/fall-garden-cleanup
2025-04-01T14:06:24.555821,94,/composting-101
2025-04-01T14:07:35.716206,34,/growing-succulents-and-cacti
2025-04-01T14:08:05.716206,34,/watering-guide-for-beginners
2025-04-01T14:08:56.113494,17,/attracting-pollinators-to-your-garden
2025-04-01T14:09:03.067141,94,/hydroponics-for-home-gardeners
2025-04-01T14:09:54.580202,20,/soil-types-and-amendments
2025-04-01T14:11:34.836288,20,/organic-pest-control-tips
2025-04-01T14:25:15.053072,24,/best-flowers-for-spring
2025-04-01T14:26:43.855896,24,/seed-starting-indoors
2025-04-01T14:26:50.364026,51,/troubleshooting-common-plant-diseases
2025-04-01T14:27:13.855896,24,/troubleshooting-common-plant-diseases
2025-04-01T14:27:22.548777,93,/hydroponics-for-home-gardeners
2025-04-01T14:27:44.208109,51,/gardening-tools-essentials
2025-04-01T14:29:14.750314,93,/winter-garden-prep
2025-04-01T14:29:45.032935,51,/composting-101
2025-04-01T14:30:14.321375,24,/gardening-tools-essentials
2025-04-01T14:31:07.464227,51,/growing-herbs-indoors
2025-04-01T14:31:36.994412,24,/troubleshooting-common-plant-diseases
2025-04-01T14:31:40.093851,51,/seed-starting-indoors
2025-04-01T14:31:49.891525,7,/pruning-roses-for-maximum-blooms
2025-04-01T14:33:13.089089,7,/growing-herbs-indoors
2025-04-01T14:34:33.220495,7,/soil-types-and-amendments
2025-04-01T14:37:08.722450,46,/composting-101
2025-04-01T14:37:38.722450,46,/soil-types-and-amendments
2025-04-01T14:38:52.753428,7,/growing-succulents-and-cacti
2025-04-01T14:44:55.468418,36,/winter-garden-prep
2025-04-01T14:49:55.468418,36,/winter-garden-prep
2025-04-01T14:50:59.557262,36,/vertical-gardening-ideas
2025-04-01T14:51:29.557262,36,/growing-herbs-indoors
2025-04-01T14:57:07.098338,95,/soil-types-and-amendments
2025-04-01T15:00:10.328561,87,/seed-starting-indoors
2025-04-01T15:01:56.306307,87,/gardening-tools-essentials
2025-04-01T15:05:39.198789,75,/gardening-tools-essentials
2025-04-01T15:06:41.390047,83,/growing-succulents-and-cacti
2025-04-01T15:07:38.577579,48,/growing-succulents-and-cacti
2025-04-01T15:08:12.765710,83,/how-to-grow-tomatoes
2025-04-01T15:08:26.249125,48,/growing-herbs-indoors
2025-04-01T15:09:05.480414,83,/watering-guide-for-beginners
2025-04-01T15:10:35.871319,83,/troubleshooting-common-plant-diseases
2025-04-01T15:10:39.198789,75,/soil-types-and-amendments
2025-04-01T15:12:53.057039,83,/hydroponics-for-home-gardeners
2025-04-01T15:18:45.994139,90,/guide-to-companion-planting
2025-04-01T15:19:15.994139,90,/fall-garden-cleanup
2025-04-01T15:20:45.624572,13,/growing-succulents-and-cacti
2025-04-01T15:21:39.210128,13,/gardening-tools-essentials
2025-04-01T15:22:03.980823,64,/winter-garden-prep
2025-04-01T15:22:35.519015,90,/soil-types-and-amendments
2025-04-01T15:23:21.819927,90,/creating-a-raised-garden-bed
2025-04-01T15:24:48.316887,14,/pruning-roses-for-maximum-blooms
2025-04-01T15:25:01.192764,47,/pruning-roses-for-maximum-blooms
2025-04-01T15:25:40.048298,91,/growing-herbs-indoors
2025-04-01T15:25:40.091724,47,/soil-types-and-amendments
2025-04-01T15:26:10.048298,91,/organic-pest-control-tips
2025-04-01T15:27:03.980823,64,/growing-succulents-and-cacti
2025-04-01T15:27:33.980823,64,/guide-to-companion-planting
2025-04-01T15:28:10.556129,47,/creating-a-raised-garden-bed
2025-04-01T15:28:19.633703,64,/creating-a-raised-garden-bed
2025-04-01T15:28:49.644757,47,/attracting-pollinators-to-your-garden
2025-04-01T15:29:15.323864,64,/winter-garden-prep
2025-04-01T15:29:19.644757,47,/dealing-with-garden-pests
2025-04-01T15:30:48.074387,7,/growing-succulents-and-cacti
2025-04-01T15:31:03.697620,1,/growing-succulents-and-cacti
2025-04-01T15:31:36.824410,7,/attracting-pollinators-to-your-garden
2025-04-01T15:32:33.052046,7,/how-to-grow-tomatoes
2025-04-01T15:34:22.771042,1,/composting-101
2025-04-01T15:37:07.561462,28,/composting-101
2025-04-01T15:37:40.351076,22,/pruning-roses-for-maximum-blooms
2025-04-01T15:38:34.272474,22,/organic-pest-control-tips
2025-04-01T15:39:06.420565,1,/composting-101
2025-04-01T15:39:18.315382,28,/composting-101
2025-04-01T15:40:13.690861,28,/vertical-gardening-ideas
2025-04-01T15:41:42.228350,28,/dealing-with-garden-pests
2025-04-01T15:44:06.420565,1,/troubleshooting-common-plant-diseases
2025-04-01T15:44:36.420565,1,/watering-guide-for-beginners
2025-04-01T15:45:35.367972,96,/creating-a-raised-garden-bed
2025-04-01T15:46:18.581672,96,/how-to-grow-tomatoes
2025-04-01T15:48:20.895271,94,/creating-a-raised-garden-bed
2025-04-01T15:51:16.790741,31,/best-flowers-for-spring
2025-04-01T15:53:07.059413,8,/growing-succulents-and-cacti
2025-04-01T15:53:41.485172,31,/pruning-roses-for-maximum-blooms
2025-04-01T15:58:41.485172,31,/how-to-grow-tomatoes
2025-04-01T16:02:16.608873,67,/organic-pest-control-tips
2025-04-01T16:05:39.014142,39,/creating-a-raised-garden-bed
2025-04-01T16:07:43.981997,33,/watering-guide-for-beginners
2025-04-01T16:22:06.490394,79,/seed-starting-indoors
2025-04-01T16:22:10.647845,53,/pruning-roses-for-maximum-blooms
2025-04-01T16:22:40.647845,53,/guide-to-companion-planting
2025-04-01T16:24:18.543451,53,/winter-garden-prep
2025-04-01T16:24:23.952386,79,/fall-garden-cleanup
2025-04-01T16:29:16.068396,42,/best-flowers-for-spring
2025-04-01T16:30:56.223512,42,/hydroponics-for-home-gardeners
2025-04-01T16:33:33.188354,42,/organic-pest-control-tips
2025-04-01T16:42:31.053731,28,/attracting-pollinators-to-your-garden
2025-04-01T16:43:09.926057,91,/guide-to-companion-planting
2025-04-01T16:43:59.043575,91,/creating-a-raised-garden-bed
2025-04-01T16:44:29.043575,91,/gardening-tools-essentials
2025-04-01T16:45:11.147691,91,/growing-herbs-indoors
2025-04-01T16:45:41.147691,91,/vertical-gardening-ideas
2025-04-01T16:49:48.630917,87,/vertical-gardening-ideas
2025-04-01T16:51:34.838654,65,/watering-guide-for-beginners
2025-04-01T16:52:30.283506,65,/dealing-with-garden-pests
2025-04-01T16:52:49.022177,87,/composting-101
2025-04-01T16:53:00.283506,65,/composting-101
2025-04-01T16:53:52.697793,87,/best-flowers-for-spring
2025-04-01T16:54:51.778594,92,/hydroponics-for-home-gardeners
2025-04-01T16:55:21.778594,92,/dealing-with-garden-pests
2025-04-01T16:56:10.347282,76,/how-to-grow-tomatoes
2025-04-01T16:56:11.074816,19,/soil-types-and-amendments
2025-04-01T16:56:47.175308,87,/watering-guide-for-beginners
2025-04-01T16:58:27.812893,76,/vertical-gardening-ideas
2025-04-01T16:58:31.139657,87,/attracting-pollinators-to-your-garden
2025-04-01T17:00:09.104044,92,/troubleshooting-common-plant-diseases
2025-04-01T17:01:11.074816,19,/growing-succulents-and-cacti
2025-04-01T17:01:41.074816,19,/attracting-pollinators-to-your-garden
2025-04-01T17:03:25.171358,92,/attracting-pollinators-to-your-garden
2025-04-01T17:03:55.171358,92,/attracting-pollinators-to-your-garden
2025-04-01T17:13:09.206533,74,/gardening-tools-essentials
2025-04-01T17:14:20.523076,74,/vertical-gardening-ideas
2025-04-01T17:14:54.518866,74,/how-to-grow-tomatoes
2025-04-01T17:15:24.518866,74,/composting-101
2025-04-01T17:17:43.486702,74,/how-to-grow-tomatoes
2025-04-01T17:18:23.843200,45,/growing-herbs-indoors
2025-04-01T17:19:34.143013,45,/winter-garden-prep
2025-04-01T17:21:55.933501,99,/gardening-tools-essentials
2025-04-01T17:22:33.799911,45,/attracting-pollinators-to-your-garden
2025-04-01T17:24:36.690996,86,/fall-garden-cleanup
2025-04-01T17:24:37.128275,99,/hydroponics-for-home-gardeners
2025-04-01T17:25:47.208690,99,/fall-garden-cleanup
2025-04-01T17:26:11.136835,86,/gardening-tools-essentials
2025-04-01T17:28:56.281723,86,/vertical-gardening-ideas
2025-04-01T17:29:05.855411,96,/winter-garden-prep
2025-04-01T17:29:35.855411,96,/seed-starting-indoors
2025-04-01T17:30:47.208690,99,/pruning-roses-for-maximum-blooms
2025-04-01T17:32:46.415428,96,/attracting-pollinators-to-your-garden
2025-04-01T17:33:16.415428,96,/gardening-tools-essentials
2025-04-01T17:39:57.222903,12,/creating-a-raised-garden-bed
2025-04-01T17:46:33.593612,45,/organic-pest-control-tips
2025-04-01T17:50:19.478720,92,/growing-succulents-and-cacti
2025-04-01T17:52:58.810745,92,/winter-garden-prep
2025-04-01T17:57:58.810745,92,/soil-types-and-amendments
2025-04-01T17:58:51.419785,26,/growing-herbs-indoors
2025-04-01T17:59:02.997696,9,/creating-a-raised-garden-bed
2025-04-01T18:00:01.007248,9,/dealing-with-garden-pests
2025-04-01T18:01:37.192332,12,/organic-pest-control-tips
2025-04-01T18:01:46.414197,26,/hydroponics-for-home-gardeners
2025-04-01T18:05:08.770186,26,/winter-garden-prep
2025-04-01T18:08:40.439868,26,/troubleshooting-common-plant-diseases
2025-04-01T18:09:56.806315,51,/vertical-gardening-ideas
2025-04-01T18:10:26.806315,51,/pruning-roses-for-maximum-blooms
2025-04-01T18:10:56.806315,51,/attracting-pollinators-to-your-garden
2025-04-01T18:13:20.916713,51,/soil-types-and-amendments
2025-04-01T18:18:07.100667,59,/seed-starting-indoors
2025-04-01T18:28:15.162010,3,/best-flowers-for-spring
2025-04-01T18:33:15.162010,3,/seed-starting-indoors
2025-04-01T18:34:35.377092,57,/troubleshooting-common-plant-diseases
2025-04-01T18:36:18.410429,57,/growing-herbs-indoors
2025-04-01T18:37:15.399932,21,/seed-starting-indoors
2025-04-01T18:40:57.897217,57,/gardening-tools-essentials
2025-04-01T18:41:02.331038,21,/fall-garden-cleanup
2025-04-01T18:41:27.897217,57,/fall-garden-cleanup
2025-04-01T18:41:32.331038,21,/best-flowers-for-spring
2025-04-01T18:46:32.331038,21,/dealing-with-garden-pests
2025-04-01T18:47:00.452764,43,/composting-101
2025-04-01T18:47:30.339104,8,/best-flowers-for-spring
2025-04-01T18:50:09.387879,78,/soil-types-and-amendments
2025-04-01T18:50:39.387879,78,/creating-a-raised-garden-bed
2025-04-01T18:52:37.641404,58,/attracting-pollinators-to-your-garden
2025-04-01T18:52:54.748984,78,/troubleshooting-common-plant-diseases
2025-04-01T18:53:24.748984,78,/vertical-gardening-ideas
2025-04-01T18:56:03.000872,42,/growing-herbs-indoors
2025-04-01T18:57:27.908894,26,/how-to-grow-tomatoes
2025-04-01T18:58:08.226267,26,/winter-garden-prep
2025-04-01T18:58:21.343034,42,/best-flowers-for-spring
2025-04-01T19:03:21.343034,42,/gardening-tools-essentials
2025-04-01T19:04:49.072194,19,/gardening-tools-essentials
2025-04-01T19:05:42.840875,88,/gardening-tools-essentials
2025-04-01T19:08:21.343034,42,/pruning-roses-for-maximum-blooms
2025-04-01T19:10:05.420052,55,/soil-types-and-amendments
2025-04-01T19:10:09.549782,42,/how-to-grow-tomatoes
2025-04-01T19:12:03.300875,29,/organic-pest-control-tips
2025-04-01T19:12:33.300875,29,/growing-succulents-and-cacti
2025-04-01T19:12:45.551164,55,/soil-types-and-amendments
2025-04-01T19:13:15.551164,55,/dealing-with-garden-pests
2025-04-01T19:13:16.294588,84,/vertical-gardening-ideas
2025-04-01T19:14:10.450399,84,/dealing-with-garden-pests
2025-04-01T19:14:44.053473,29,/attracting-pollinators-to-your-garden
2025-04-01T19:15:29.905395,29,/gardening-tools-essentials
2025-04-01T19:15:59.905395,29,/creating-a-raised-garden-bed
2025-04-01T19:17:31.827522,84,/fall-garden-cleanup
2025-04-01T19:18:01.827522,84,/growing-succulents-and-cacti
2025-04-01T19:23:56.693754,13,/seed-starting-indoors
2025-04-01T19:25:27.442104,13,/winter-garden-prep
2025-04-01T19:26:40.796340,13,/seed-starting-indoors
2025-04-01T19:27:10.796340,13,/gardening-tools-essentials
2025-04-01T19:27:56.455517,13,/troubleshooting-common-plant-diseases
2025-04-01T19:28:06.354682,67,/fall-garden-cleanup
2025-04-01T19:31:10.982527,67,/winter-garden-prep
2025-04-01T19:33:53.005754,29,/guide-to-companion-planting
2025-04-01T19:34:00.899646,28,/seed-starting-indoors
2025-04-01T19:34:23.005754,29,/growing-herbs-indoors
2025-04-01T19:34:42.848565,67,/organic-pest-control-tips
2025-04-01T19:35:06.658900,29,/seed-starting-indoors
2025-04-01T19:35:17.861331,28,/creating-a-raised-garden-bed
2025-04-01T19:35:36.658900,29,/best-flowers-for-spring
2025-04-01T19:36:50.481529,24,/growing-succulents-and-cacti
2025-04-01T19:37:22.759470,29,/composting-101
2025-04-01T19:37:47.456165,89,/hydroponics-for-home-gardeners
2025-04-01T19:38:22.782290,67,/seed-starting-indoors
2025-04-01T19:38:38.207758,10,/seed-starting-indoors
2025-04-01T19:39:34.741104,10,/how-to-grow-tomatoes
2025-04-01T19:40:33.571519,67,/seed-starting-indoors
2025-04-01T19:40:34.470222,24,/composting-101
2025-04-01T19:41:30.797543,10,/soil-types-and-amendments
2025-04-01T19:41:54.163082,89,/guide-to-companion-planting
2025-04-01T19:42:19.211438,24,/creating-a-raised-garden-bed
2025-04-01T19:43:02.653851,4,/growing-succulents-and-cacti
2025-04-01T19:44:39.356808,89,/pruning-roses-for-maximum-blooms
2025-04-01T19:44:48.821524,24,/seed-starting-indoors
2025-04-01T19:46:16.813481,89,/hydroponics-for-home-gardeners
2025-04-01T19:49:50.752839,89,/fall-garden-cleanup
2025-04-01T19:51:23.372514,23,/fall-garden-cleanup
2025-04-01T19:53:42.527408,90,/soil-types-and-amendments
2025-04-01T19:54:24.557426,90,/winter-garden-prep
2025-04-01T19:56:23.372514,23,/vertical-gardening-ideas
2025-04-01T19:59:12.251847,38,/best-flowers-for-spring
2025-04-01T20:00:50.471998,77,/how-to-grow-tomatoes
2025-04-01T20:01:59.711074,38,/composting-101
2025-04-01T20:03:19.279459,38,/guide-to-companion-planting
2025-04-01T20:03:50.706741,15,/gardening-tools-essentials
2025-04-01T20:05:15.175776,49,/hydroponics-for-home-gardeners
2025-04-01T20:05:15.946751,77,/watering-guide-for-beginners
2025-04-01T20:05:45.946751,77,/creating-a-raised-garden-bed
2025-04-01T20:06:06.161656,38,/best-flowers-for-spring
2025-04-01T20:07:28.244794,11,/watering-guide-for-beginners
2025-04-01T20:08:07.428128,15,/growing-succulents-and-cacti
2025-04-01T20:08:14.315311,77,/soil-types-and-amendments
2025-04-01T20:13:14.315311,77,/hydroponics-for-home-gardeners
2025-04-01T20:21:20.167423,20,/winter-garden-prep
2025-04-01T20:23:43.705515,20,/winter-garden-prep
2025-04-01T20:24:13.705515,20,/pruning-roses-for-maximum-blooms
2025-04-01T20:37:47.566378,31,/best-flowers-for-spring
2025-04-01T20:37:48.364375,78,/watering-guide-for-beginners
2025-04-01T20:37:51.357219,31,/dealing-with-garden-pests
2025-04-01T20:38:21.357219,31,/growing-herbs-indoors
2025-04-01T20:38:36.422452,8,/attracting-pollinators-to-your-garden
2025-04-01T20:39:52.880244,31,/soil-types-and-amendments
2025-04-01T20:40:08.498815,8,/fall-garden-cleanup
2025-04-01T20:40:44.725624,31,/growing-succulents-and-cacti
2025-04-01T20:40:46.970950,78,/growing-herbs-indoors
2025-04-01T20:42:35.730449,8,/attracting-pollinators-to-your-garden
2025-04-01T20:43:05.730449,8,/dealing-with-garden-pests
2025-04-01T20:43:10.998750,78,/hydroponics-for-home-gardeners
2025-04-01T20:44:14.499521,78,/hydroponics-for-home-gardeners
2025-04-01T20:44:52.356086,8,/how-to-grow-tomatoes
2025-04-01T20:48:42.095983,58,/seed-starting-indoors
2025-04-01T20:49:49.039049,22,/gardening-tools-essentials
2025-04-01T20:50:43.353154,22,/composting-101
2025-04-01T20:51:13.353154,22,/watering-guide-for-beginners
2025-04-01T20:54:27.621007,30,/vertical-gardening-ideas
2025-04-01T21:13:16.563158,52,/attracting-pollinators-to-your-garden
2025-04-01T21:14:11.761620,52,/growing-succulents-and-cacti
2025-04-01T21:14:40.750506,90,/troubleshooting-common-plant-diseases
2025-04-01T21:16:36.467265,52,/hydroponics-for-home-gardeners
2025-04-01T21:18:34.017112,62,/troubleshooting-common-plant-diseases
2025-04-01T21:19:05.763021,62,/dealing-with-garden-pests
2025-04-01T21:19:40.750506,90,/attracting-pollinators-to-your-garden
2025-04-01T21:20:07.934978,62,/hydroponics-for-home-gardeners
2025-04-01T21:21:18.717962,79,/troubleshooting-common-plant-diseases
2025-04-01T21:21:57.660180,90,/guide-to-companion-planting
2025-04-01T21:23:59.951111,90,/growing-succulents-and-cacti
2025-04-01T21:24:29.951111,90,/soil-types-and-amendments
2025-04-01T21:30:06.309851,99,/gardening-tools-essentials
2025-04-01T21:31:19.978766,99,/seed-starting-indoors
2025-04-01T21:36:25.706689,17,/vertical-gardening-ideas
2025-04-01T21:44:03.549597,88,/how-to-grow-tomatoes
2025-04-01T21:48:08.717889,88,/how-to-grow-tomatoes
2025-04-01T21:53:04.954287,5,/how-to-grow-tomatoes
2025-04-01T21:54:08.567024,3,/vertical-gardening-ideas
2025-04-01T21:54:21.578730,5,/soil-types-and-amendments
2025-04-01T21:54:51.578730,5,/soil-types-and-amendments
2025-04-01T21:57:15.837052,5,/gardening-tools-essentials
2025-04-01T21:57:30.185702,3,/growing-succulents-and-cacti
2025-04-01T22:11:37.287951,17,/organic-pest-control-tips
2025-04-01T22:12:07.287951,17,/winter-garden-prep
2025-04-01T22:13:00.511172,17,/best-flowers-for-spring
2025-04-01T22:13:31.656476,17,/composting-101
2025-04-01T22:14:27.830947,65,/growing-succulents-and-cacti
2025-04-01T22:15:12.977250,65,/best-flowers-for-spring
2025-04-01T22:15:42.977250,65,/growing-herbs-indoors
2025-04-01T22:20:14.378255,46,/best-flowers-for-spring
2025-04-01T22:20:42.977250,65,/gardening-tools-essentials
2025-04-01T22:31:01.924225,72,/guide-to-companion-planting
2025-04-01T22:38:18.866576,98,/organic-pest-control-tips
2025-04-01T22:38:48.866576,98,/vertical-gardening-ideas
2025-04-01T22:39:18.866576,98,/seed-starting-indoors
2025-04-01T22:39:48.866576,98,/growing-succulents-and-cacti
2025-04-01T22:41:21.245034,47,/dealing-with-garden-pests
2025-04-01T22:43:21.179496,59,/pruning-roses-for-maximum-blooms
2025-04-01T22:47:38.249333,47,/organic-pest-control-tips
2025-04-01T22:49:31.207600,47,/seed-starting-indoors
2025-04-01T22:50:01.207600,47,/how-to-grow-tomatoes
2025-04-01T22:50:31.207600,47,/growing-succulents-and-cacti
2025-04-01T23:03:42.352186,15,/organic-pest-control-tips
2025-04-01T23:10:19.688883,16,/pruning-roses-for-maximum-blooms
2025-04-01T23:11:34.561233,16,/organic-pest-control-tips
2025-04-01T23:12:41.820167,16,/growing-herbs-indoors
2025-04-01T23:15:01.227949,16,/troubleshooting-common-plant-diseases
2025-04-01T23:20:49.442259,41,/pruning-roses-for-maximum-blooms
2025-04-01T23:23:28.730238,11,/organic-pest-control-tips
2025-04-01T23:23:29.680067,13,/composting-101
2025-04-01T23:23:30.656666,37,/organic-pest-control-tips
2025-04-01T23:23:59.115333,23,/gardening-tools-essentials
2025-04-01T23:24:44.984630,23,/organic-pest-control-tips
2025-04-01T23:25:11.733843,53,/pruning-roses-for-maximum-blooms
2025-04-01T23:25:46.799855,13,/watering-guide-for-beginners
2025-04-01T23:25:49.002827,23,/vertical-gardening-ideas
2025-04-01T23:28:28.730238,11,/best-flowers-for-spring
2025-04-01T23:29:14.173722,11,/guide-to-companion-planting
2025-04-01T23:30:10.687088,11,/hydroponics-for-home-gardeners
2025-04-01T23:30:46.799855,13,/attracting-pollinators-to-your-garden
2025-04-01T23:31:07.750237,11,/winter-garden-prep
2025-04-01T23:32:09.625273,13,/dealing-with-garden-pests
2025-04-01T23:33:37.978006,3,/guide-to-companion-planting
2025-04-01T23:34:54.867918,3,/hydroponics-for-home-gardeners
2025-04-01T23:37:00.032819,13,/growing-succulents-and-cacti
2025-04-01T23:37:23.166692,60,/composting-101
2025-04-01T23:39:37.665159,60,/growing-succulents-and-cacti
2025-04-01T23:39:54.867918,3,/growing-succulents-and-cacti
2025-04-01T23:40:15.191505,60,/best-flowers-for-spring
2025-04-01T23:41:12.693348,3,/seed-starting-indoors
2025-04-01T23:45:17.886881,95,/organic-pest-control-tips
2025-04-01T23:49:07.591959,45,/guide-to-companion-planting
2025-04-01T23:51:09.557816,73,/growing-herbs-indoors
2025-04-01T23:51:39.557816,73,/growing-succulents-and-cacti
2025-04-01T23:52:04.596437,22,/troubleshooting-common-plant-diseases
2025-04-01T23:52:35.591978,22,/guide-to-companion-planting
2025-04-01T23:53:07.029693,22,/creating-a-raised-garden-bed
2025-04-01T23:53:44.350838,73,/troubleshooting-common-plant-diseases
2025-04-01T23:53:52.394819,22,/growing-herbs-indoors
2025-04-01T23:53:59.952645,45,/vertical-gardening-ideas
2025-04-01T23:54:47.877532,85,/composting-101
2025-04-01T23:54:55.761140,43,/growing-herbs-indoors
2025-04-01T23:55:17.877532,85,/dealing-with-garden-pests
2025-04-01T23:55:33.323908,45,/growing-succulents-and-cacti
2025-04-01T23:55:47.877532,85,/composting-101
2025-04-01T23:56:08.424818,43,/guide-to-companion-planting
2025-04-01T23:57:00.864121,45,/gardening-tools-essentials
2025-04-01T23:57:06.425060,85,/growing-herbs-indoors
2025-04-01T23:57:39.737354,43,/seed-starting-indoors
2025-04-01T23:58:14.760382,43,/vertical-gardening-ideas
2025-04-01T23:59:13.018198,45,/vertical-gardening-ideas
